{"best/epoch":30,"val/kl":29.20887188084678,"train/kl":29.209731289705502,"beta":1,"_wandb":{"runtime":3901},"val/recon_per_token":0.41789468384816336,"train/recon_per_token":0.4840964057784087,"_runtime":3901.406103125,"_timestamp":1.7743961604948008e+09,"epoch":30,"val/total":45.67547212925262,"best/val_total":45.67547212925262,"train/token_acc":0.8483810893646853,"_step":30,"val/token_acc":0.8688606907530737,"train/total":48.287540990971195}