{"_timestamp":1.774386179225266e+09,"val/total":71.23635959527402,"train/token_acc":0.787339844089578,"val/token_acc":0.673551198338116,"train/kl":29.220939599330276,"_step":20,"val/kl":29.22567485354783,"beta":1,"epoch":20,"train/total":56.20837488220564,"val/recon_per_token":1.066160696164184,"_wandb":{"runtime":7563},"_runtime":7563.742492125,"train/recon_per_token":0.6848019027249418}